{
    "global": {
        "264108493143932928": {
            "wins": 2,
            "games": 2,
            "points": 3
        },
        "256145869198458880": {
            "wins": 0,
            "games": 2,
            "points": 0
        }
    },
    "modes": {
        "words": {},
        "numbers": {
            "264108493143932928": {
                "wins": 2,
                "games": 2,
                "points": 3
            },
            "256145869198458880": {
                "wins": 0,
                "games": 2,
                "points": 0
            }
        },
        "math": {},
        "sentences": {}
    }
}